name;address
Paula Abdul;14775 Ventura Blvd. Sherman Oaks, CA 91403
Allan Alda;641 Lexington Ave. New York, NY 10022
Tim Allen;1122 Robertson Blvd. Las Angeles, CA 90035
Woody Allen;930 5th Ave. NewYork, NY 10018
Kirstie Alley;132 Rodeo Drive Beverly Hills, CA 90212
Brett Ford;7209 Manhattan Ave. Andover, MA 01810
Melynda Dubruyn;9120 Oak Valley St. Park Forest, IL 60466
Brianne Russell;722 Lawrence Ave. Johnson City, TN 37601
Kathleen Goodner;96 Oak Meadow Ave. Valparaiso, IN 46383
James Bultman;324 Heather Circle Wallingford, CT 06492
Piada Italian Street Food;3600 Forbes Ave, Pittsburgh, PA 15213
Fuel and Fuddle;212 Oakland Ave, Pittsburgh, PA 15213
Wendy's;5422 Baum Blvd, Pittsburgh, PA 15232
Hello Bistro;3605 Forbes Ave, Pittsburgh, PA 15213
BRGR;5997 Centre Ave, Pittsburgh, PA 15206
